{"cameraMode":{"drawMode":0,"name":"Shaded","section":"Shading Mode"},"sceneLighting":true,"audioPlay":false,"sceneViewState":{"showFog":true,"showMaterialUpdate":false,"showSkybox":true,"showFlares":true,"showImageEffects":true,"showParticleSystems":true},"in2DMode":false,"pivot":{"x":-0.336318701505661,"y":1.0739994049072266,"z":0.46517813205718996},"rotation":{"x":0.011041195131838322,"y":-0.9814406633377075,"z":0.18194925785064698,"w":0.05955536663532257},"size":3.4335713386535646,"orthographic":false}