{"cameraMode":{"drawMode":0,"name":"Shaded","section":"Shading Mode"},"sceneLighting":false,"audioPlay":false,"sceneViewState":{"showFog":true,"showMaterialUpdate":false,"showSkybox":true,"showFlares":true,"showImageEffects":true,"showParticleSystems":true},"in2DMode":false,"pivot":{"x":0.02018296718597412,"y":1.4339191913604737,"z":0.28252899646759035},"rotation":{"x":0.011041195131838322,"y":-0.9814406633377075,"z":0.18194925785064698,"w":0.05955536663532257},"size":2.2335715293884279,"orthographic":false}