{"cameraMode":{"drawMode":0,"name":"Shaded","section":"Shading Mode"},"sceneLighting":false,"audioPlay":false,"sceneViewState":{"showFog":true,"showMaterialUpdate":false,"showSkybox":true,"showFlares":true,"showImageEffects":true,"showParticleSystems":true},"in2DMode":false,"pivot":{"x":-0.037145137786865237,"y":0.7507414817810059,"z":0.2056267261505127},"rotation":{"x":0.0007952891755849123,"y":-0.9992042183876038,"z":0.02879396267235279,"w":0.027591923251748086},"size":2.2535033226013185,"orthographic":false}