{"cameraMode":{"drawMode":0,"name":"Shaded","section":"Shading Mode"},"sceneLighting":false,"audioPlay":false,"sceneViewState":{"showFog":true,"showMaterialUpdate":false,"showSkybox":true,"showFlares":true,"showImageEffects":true,"showParticleSystems":true},"in2DMode":false,"pivot":{"x":0.02018296718597412,"y":1.4273011684417725,"z":0.2798346281051636},"rotation":{"x":-0.058691203594207767,"y":-0.05328574404120445,"z":0.0031374506652355196,"w":-0.9968481659889221},"size":1.9535033702850342,"orthographic":false}